"IUCNcat","SSP","sumCell","coverage","coverage_km2","SpeciesID"
"Ia","ssp126",64.8984637737293,0.000742105263157895,324.493684210526,"_Mean"
"Ia","ssp370",75.1921765884315,0.000863157894736842,375.960526315789,"_Mean"
"Ia","ssp585",75.2008637644785,0.000947368421052632,376.003684210526,"_Mean"
"Ib","ssp126",99.9870532345898,0.00109473684210526,499.935789473684,"_Mean"
"Ib","ssp370",114.91591216216,0.00123684210526316,574.58,"_Mean"
"Ib","ssp585",114.020888914422,0.00128947368421053,570.104736842105,"_Mean"
"II","ssp126",621.352211389259,0.00734736842105263,3106.76157894737,"_Mean"
"II","ssp370",629.666820164968,0.00755263157894737,3148.33473684211,"_Mean"
"II","ssp585",609.693056077753,0.00792631578947368,3048.46631578947,"_Mean"
"III","ssp126",39.8526572169102,0.000536842105263158,199.263157894737,"_Mean"
"III","ssp370",40.8824886664315,5e-04,204.413157894737,"_Mean"
"III","ssp585",39.2049497856979,0.000521052631578947,196.024736842105,"_Mean"
"IV","ssp126",2046.51897149223,0.0274578947368421,10232.5947368421,"_Mean"
"IV","ssp370",2068.1281968984,0.0277421052631579,10340.6410526316,"_Mean"
"IV","ssp585",1988.80013487073,0.0283263157894737,9943.99947368421,"_Mean"
"Not.Applicable","ssp126",250.873858674657,0.00446315789473684,1254.37,"_Mean"
"Not.Applicable","ssp370",250.365723154955,0.00309473684210526,1251.82947368421,"_Mean"
"Not.Applicable","ssp585",236.729673537607,0.00326315789473684,1183.64842105263,"_Mean"
"Not.Assigned","ssp126",1515.72028796159,0.0195368421052632,7578.60315789474,"_Mean"
"Not.Assigned","ssp370",1707.66819503469,0.0222421052631579,8538.34,"_Mean"
"Not.Assigned","ssp585",1687.85590459162,0.0228263157894737,8439.27842105263,"_Mean"
"Not.Reported","ssp126",11337.0635941434,0.166584210526316,56685.3184210526,"_Mean"
"Not.Reported","ssp370",11219.9813952138,0.148542105263158,56099.9078947368,"_Mean"
"Not.Reported","ssp585",10573.1383459268,0.142342105263158,52865.6905263158,"_Mean"
"Outside.PA","ssp126",45323.2383262553,0.611557894736842,226616.19,"_Mean"
"Outside.PA","ssp370",45000.6624143975,0.6494,225003.312631579,"_Mean"
"Outside.PA","ssp585",42075.8373194569,0.652763157894737,210379.186842105,"_Mean"
"Presence","ssp126",71793.6315789474,1,358968.157894737,"_Mean"
"Presence","ssp370",71548.4736842105,1,357742.368421053,"_Mean"
"Presence","ssp585",67229.2105263158,1,336146.052631579,"_Mean"
"Protected","ssp126",13366.7355119124,0.197852631578947,66833.6763157895,"_Mean"
"Protected","ssp370",13369.7959564096,0.176710526315789,66848.9810526316,"_Mean"
"Protected","ssp585",12655.6492828028,0.178794736842105,63278.2463157895,"_Mean"
"Unprotected","ssp126",58426.896067035,0.802147368421053,292134.481578947,"_Mean"
"Unprotected","ssp370",58178.6777278009,0.823289473684211,290893.387368421,"_Mean"
"Unprotected","ssp585",54573.561243513,0.821205263157895,272867.806315789,"_Mean"
"V","ssp126",10253.3362852071,0.157763157894737,51266.6805263158,"_Mean"
"V","ssp370",10200.6597840826,0.135926315789474,51003.2984210526,"_Mean"
"V","ssp585",9602.35164216565,0.136978947368421,48011.7589473684,"_Mean"
"VI","ssp126",240.789869598521,0.00294210526315789,1203.94947368421,"_Mean"
"VI","ssp370",240.350577846646,0.00288947368421053,1201.75368421053,"_Mean"
"VI","ssp585",226.377747224104,0.00279473684210526,1131.88894736842,"_Mean"
"Ia","ssp126",23.8677304410243,3e-04,119.34,"Allol_chlo_ssp126_mean"
"Ib","ssp126",5.85854862462406,1e-04,29.29,"Allol_chlo_ssp126_mean"
"II","ssp126",416.150428582648,0.0051,2080.75,"Allol_chlo_ssp126_mean"
"III","ssp126",51.0706852358026,6e-04,255.35,"Allol_chlo_ssp126_mean"
"IV","ssp126",2049.13402199366,0.0253,10245.67,"Allol_chlo_ssp126_mean"
"Not.Applicable","ssp126",227.807451634704,0.0028,1139.04,"Allol_chlo_ssp126_mean"
"Not.Assigned","ssp126",1135.55942435693,0.014,5677.8,"Allol_chlo_ssp126_mean"
"Not.Reported","ssp126",11824.177768523,0.1462,59120.89,"Allol_chlo_ssp126_mean"
"Outside.PA","ssp126",54055.5139662575,0.6682,270277.57,"Allol_chlo_ssp126_mean"
"Presence","ssp126",80894,1,404470,"Allol_chlo_ssp126_mean"
"Protected","ssp126",13650.9413892278,0.1688,68254.71,"Allol_chlo_ssp126_mean"
"Unprotected","ssp126",67243.0586107722,0.8312,336215.29,"Allol_chlo_ssp126_mean"
"V","ssp126",10884.7729198133,0.1346,54423.86,"Allol_chlo_ssp126_mean"
"VI","ssp126",220.087054536744,0.0027,1100.44,"Allol_chlo_ssp126_mean"
"Ia","ssp370",32.5327568401589,4e-04,162.66,"Allol_chlo_ssp370_mean"
"Ib","ssp370",7.02707640740232,1e-04,35.14,"Allol_chlo_ssp370_mean"
"II","ssp370",444.635863258874,0.0052,2223.18,"Allol_chlo_ssp370_mean"
"III","ssp370",51.860023682909,6e-04,259.3,"Allol_chlo_ssp370_mean"
"IV","ssp370",2150.79944919221,0.0252,10754,"Allol_chlo_ssp370_mean"
"Not.Applicable","ssp370",242.302267338651,0.0028,1211.51,"Allol_chlo_ssp370_mean"
"Not.Assigned","ssp370",1367.68280602479,0.016,6838.41,"Allol_chlo_ssp370_mean"
"Not.Reported","ssp370",12559.3859329931,0.1473,62796.93,"Allol_chlo_ssp370_mean"
"Outside.PA","ssp370",56468.6801836636,0.6624,282343.4,"Allol_chlo_ssp370_mean"
"Presence","ssp370",85246,1,426230,"Allol_chlo_ssp370_mean"
"Protected","ssp370",14607.9488099799,0.1714,73039.74,"Allol_chlo_ssp370_mean"
"Unprotected","ssp370",70638.0511900201,0.8286,353190.26,"Allol_chlo_ssp370_mean"
"V","ssp370",11691.8649053876,0.1372,58459.32,"Allol_chlo_ssp370_mean"
"VI","ssp370",229.228735210676,0.0027,1146.14,"Allol_chlo_ssp370_mean"
"Ia","ssp585",31.481999200001,4e-04,157.41,"Allol_chlo_ssp585_mean"
"Ib","ssp585",7.50618408906416,1e-04,37.53,"Allol_chlo_ssp585_mean"
"II","ssp585",426.595733143992,0.0052,2132.98,"Allol_chlo_ssp585_mean"
"III","ssp585",50.6548028608609,6e-04,253.27,"Allol_chlo_ssp585_mean"
"IV","ssp585",2120.06507914057,0.0258,10600.33,"Allol_chlo_ssp585_mean"
"Not.Applicable","ssp585",247.672503946385,0.003,1238.36,"Allol_chlo_ssp585_mean"
"Not.Assigned","ssp585",1419.30490081162,0.0173,7096.52,"Allol_chlo_ssp585_mean"
"Not.Reported","ssp585",12116.2818879296,0.1475,60581.41,"Allol_chlo_ssp585_mean"
"Outside.PA","ssp585",54196.5142390887,0.6598,270982.57,"Allol_chlo_ssp585_mean"
"Presence","ssp585",82141,1,410705,"Allol_chlo_ssp585_mean"
"Protected","ssp585",14161.2264682237,0.1724,70806.13,"Allol_chlo_ssp585_mean"
"Unprotected","ssp585",67979.7735317763,0.8276,339898.87,"Allol_chlo_ssp585_mean"
"V","ssp585",11327.5248753676,0.1379,56637.62,"Allol_chlo_ssp585_mean"
"VI","ssp585",197.397794421599,0.0024,986.99,"Allol_chlo_ssp585_mean"
"Ia","ssp126",27.7234163423624,6e-04,138.62,"Allol_eise_ssp126_mean"
"Ib","ssp126",6.78386079778602,1e-04,33.92,"Allol_eise_ssp126_mean"
"II","ssp126",217.23174099791,0.0043,1086.16,"Allol_eise_ssp126_mean"
"III","ssp126",22.8891290856941,5e-04,114.45,"Allol_eise_ssp126_mean"
"IV","ssp126",1604.61131916029,0.0319,8023.06,"Allol_eise_ssp126_mean"
"Not.Applicable","ssp126",126.271358145817,0.0025,631.36,"Allol_eise_ssp126_mean"
"Not.Assigned","ssp126",865.379368075949,0.0172,4326.9,"Allol_eise_ssp126_mean"
"Not.Reported","ssp126",6867.49085925101,0.1366,34337.45,"Allol_eise_ssp126_mean"
"Outside.PA","ssp126",33362.6244841767,0.6637,166813.12,"Allol_eise_ssp126_mean"
"Presence","ssp126",50267,1,251335,"Allol_eise_ssp126_mean"
"Protected","ssp126",9045.23393035057,0.1799,45226.17,"Allol_eise_ssp126_mean"
"Unprotected","ssp126",41221.7660696494,0.8201,206108.83,"Allol_eise_ssp126_mean"
"V","ssp126",7011.6368118443,0.1395,35058.18,"Allol_eise_ssp126_mean"
"VI","ssp126",154.357652122226,0.0031,771.79,"Allol_eise_ssp126_mean"
"Ia","ssp370",49.8832092758959,9e-04,249.42,"Allol_eise_ssp370_mean"
"Ib","ssp370",11.7898399787623,2e-04,58.95,"Allol_eise_ssp370_mean"
"II","ssp370",254.181171682446,0.0046,1270.91,"Allol_eise_ssp370_mean"
"III","ssp370",28.8351969717545,5e-04,144.18,"Allol_eise_ssp370_mean"
"IV","ssp370",1787.31366593246,0.0327,8936.57,"Allol_eise_ssp370_mean"
"Not.Applicable","ssp370",79.4929197690599,0.0015,397.46,"Allol_eise_ssp370_mean"
"Not.Assigned","ssp370",1031.19325615898,0.0188,5155.97,"Allol_eise_ssp370_mean"
"Not.Reported","ssp370",7029.67714415235,0.1284,35148.39,"Allol_eise_ssp370_mean"
"Outside.PA","ssp370",36654.2755497509,0.6698,183271.38,"Allol_eise_ssp370_mean"
"Presence","ssp370",54727,1,273635,"Allol_eise_ssp370_mean"
"Protected","ssp370",9932.36113016866,0.1815,49661.81,"Allol_eise_ssp370_mean"
"Unprotected","ssp370",44794.6388698313,0.8185,223973.19,"Allol_eise_ssp370_mean"
"V","ssp370",7652.14687113409,0.1398,38260.73,"Allol_eise_ssp370_mean"
"VI","ssp370",148.211175193253,0.0027,741.06,"Allol_eise_ssp370_mean"
"Ia","ssp585",48.9109592453452,0.001,244.55,"Allol_eise_ssp585_mean"
"Ib","ssp585",10.7546291332942,2e-04,53.77,"Allol_eise_ssp585_mean"
"II","ssp585",229.987234458459,0.0047,1149.94,"Allol_eise_ssp585_mean"
"III","ssp585",28.1881969708519,6e-04,140.94,"Allol_eise_ssp585_mean"
"IV","ssp585",1671.45447291989,0.0344,8357.27,"Allol_eise_ssp585_mean"
"Not.Applicable","ssp585",43.9888152502626,9e-04,219.94,"Allol_eise_ssp585_mean"
"Not.Assigned","ssp585",1020.36032563937,0.021,5101.8,"Allol_eise_ssp585_mean"
"Not.Reported","ssp585",6060.44299604092,0.1247,30302.21,"Allol_eise_ssp585_mean"
"Outside.PA","ssp585",32530.4630807748,0.6694,162652.32,"Allol_eise_ssp585_mean"
"Presence","ssp585",48594,1,242970,"Allol_eise_ssp585_mean"
"Protected","ssp585",8938.74478229465,0.1839,44693.72,"Allol_eise_ssp585_mean"
"Unprotected","ssp585",39655.2552177054,0.8161,198276.28,"Allol_eise_ssp585_mean"
"V","ssp585",6850.43769791722,0.141,34252.19,"Allol_eise_ssp585_mean"
"VI","ssp585",99.0115916495852,0.002,495.06,"Allol_eise_ssp585_mean"
"Ia","ssp126",5.32036974988057,1e-04,26.6,"Aporr_cali_ssp126_mean"
"Ib","ssp126",5.90622003353315,1e-04,29.53,"Aporr_cali_ssp126_mean"
"II","ssp126",197.677429966918,0.0034,988.39,"Aporr_cali_ssp126_mean"
"III","ssp126",12.8654924999451,2e-04,64.33,"Aporr_cali_ssp126_mean"
"IV","ssp126",1368.60749431406,0.0233,6843.04,"Aporr_cali_ssp126_mean"
"Not.Applicable","ssp126",74.6638480438942,0.0013,373.32,"Aporr_cali_ssp126_mean"
"Not.Assigned","ssp126",845.821304646722,0.0144,4229.11,"Aporr_cali_ssp126_mean"
"Not.Reported","ssp126",6943.20102344779,0.1184,34716.01,"Aporr_cali_ssp126_mean"
"Outside.PA","ssp126",40144.5353348161,0.6846,200722.68,"Aporr_cali_ssp126_mean"
"Presence","ssp126",58640,1,293200,"Aporr_cali_ssp126_mean"
"Protected","ssp126",10631.7784890455,0.1813,53158.89,"Aporr_cali_ssp126_mean"
"Unprotected","ssp126",48008.2215109545,0.8187,240041.11,"Aporr_cali_ssp126_mean"
"V","ssp126",8979.7707436282,0.1531,44898.85,"Aporr_cali_ssp126_mean"
"VI","ssp126",61.6307388529694,0.0011,308.15,"Aporr_cali_ssp126_mean"
"Ia","ssp370",6.18501440268426,1e-04,30.93,"Aporr_cali_ssp370_mean"
"Ib","ssp370",6.61555260000864,1e-04,33.08,"Aporr_cali_ssp370_mean"
"II","ssp370",214.883309728262,0.0035,1074.42,"Aporr_cali_ssp370_mean"
"III","ssp370",14.8418136063153,2e-04,74.21,"Aporr_cali_ssp370_mean"
"IV","ssp370",1462.80435641293,0.024,7314.02,"Aporr_cali_ssp370_mean"
"Not.Applicable","ssp370",101.330832113055,0.0017,506.65,"Aporr_cali_ssp370_mean"
"Not.Assigned","ssp370",1044.31213099429,0.0171,5221.56,"Aporr_cali_ssp370_mean"
"Not.Reported","ssp370",7783.77583503991,0.1275,38918.88,"Aporr_cali_ssp370_mean"
"Outside.PA","ssp370",40992.3641228229,0.6716,204961.82,"Aporr_cali_ssp370_mean"
"Presence","ssp370",61039,1,305195,"Aporr_cali_ssp370_mean"
"Protected","ssp370",11117.2170790299,0.1821,55586.09,"Aporr_cali_ssp370_mean"
"Unprotected","ssp370",49921.7829209701,0.8179,249608.91,"Aporr_cali_ssp370_mean"
"V","ssp370",9343.05945628318,0.1531,46715.3,"Aporr_cali_ssp370_mean"
"VI","ssp370",68.8275759964763,0.0011,344.14,"Aporr_cali_ssp370_mean"
"Ia","ssp585",6.48669310662206,1e-04,32.43,"Aporr_cali_ssp585_mean"
"Ib","ssp585",7.22546863136927,1e-04,36.13,"Aporr_cali_ssp585_mean"
"II","ssp585",216.985291335987,0.0036,1084.93,"Aporr_cali_ssp585_mean"
"III","ssp585",15.8050285521605,3e-04,79.03,"Aporr_cali_ssp585_mean"
"IV","ssp585",1441.43272735163,0.0242,7207.16,"Aporr_cali_ssp585_mean"
"Not.Applicable","ssp585",104.52600654914,0.0018,522.63,"Aporr_cali_ssp585_mean"
"Not.Assigned","ssp585",1093.8929446872,0.0184,5469.46,"Aporr_cali_ssp585_mean"
"Not.Reported","ssp585",7673.28255920522,0.129,38366.41,"Aporr_cali_ssp585_mean"
"Outside.PA","ssp585",39888.5450753654,0.6707,199442.73,"Aporr_cali_ssp585_mean"
"Presence","ssp585",59472,1,297360,"Aporr_cali_ssp585_mean"
"Protected","ssp585",10711.7534141931,0.1801,53558.77,"Aporr_cali_ssp585_mean"
"Unprotected","ssp585",48760.2465858069,0.8199,243801.23,"Aporr_cali_ssp585_mean"
"V","ssp585",8953.773715888,0.1506,44768.87,"Aporr_cali_ssp585_mean"
"VI","ssp585",70.0444893272888,0.0012,350.22,"Aporr_cali_ssp585_mean"
"Ia","ssp126",50.029335053072,6e-04,250.15,"Aporr_long_ssp126_mean"
"Ib","ssp126",48.6673778445793,6e-04,243.34,"Aporr_long_ssp126_mean"
"II","ssp126",437.494180022783,0.005,2187.47,"Aporr_long_ssp126_mean"
"III","ssp126",41.8796009716616,5e-04,209.4,"Aporr_long_ssp126_mean"
"IV","ssp126",2526.88345265968,0.029,12634.42,"Aporr_long_ssp126_mean"
"Not.Applicable","ssp126",203.589002219889,0.0023,1017.95,"Aporr_long_ssp126_mean"
"Not.Assigned","ssp126",1574.22935142112,0.018,7871.15,"Aporr_long_ssp126_mean"
"Not.Reported","ssp126",11366.9222145048,0.1303,56834.61,"Aporr_long_ssp126_mean"
"Outside.PA","ssp126",59459.5007514272,0.6817,297297.5,"Aporr_long_ssp126_mean"
"Presence","ssp126",87218,1,436090,"Aporr_long_ssp126_mean"
"Protected","ssp126",14613.758680427,0.1676,73068.79,"Aporr_long_ssp126_mean"
"Unprotected","ssp126",72604.241319573,0.8324,363021.21,"Aporr_long_ssp126_mean"
"V","ssp126",11316.7267247337,0.1298,56583.63,"Aporr_long_ssp126_mean"
"VI","ssp126",192.078009141493,0.0022,960.39,"Aporr_long_ssp126_mean"
"Ia","ssp370",53.016300647305,6e-04,265.08,"Aporr_long_ssp370_mean"
"Ib","ssp370",56.5894808830008,7e-04,282.95,"Aporr_long_ssp370_mean"
"II","ssp370",430.417294269704,0.005,2152.09,"Aporr_long_ssp370_mean"
"III","ssp370",39.9849216759967,5e-04,199.92,"Aporr_long_ssp370_mean"
"IV","ssp370",2468.12495068405,0.0289,12340.62,"Aporr_long_ssp370_mean"
"Not.Applicable","ssp370",186.873061034343,0.0022,934.37,"Aporr_long_ssp370_mean"
"Not.Assigned","ssp370",1496.82892708866,0.0175,7484.14,"Aporr_long_ssp370_mean"
"Not.Reported","ssp370",10850.7379424364,0.1269,54253.69,"Aporr_long_ssp370_mean"
"Outside.PA","ssp370",58855.4683297795,0.6881,294277.34,"Aporr_long_ssp370_mean"
"Presence","ssp370",85532,1,427660,"Aporr_long_ssp370_mean"
"Protected","ssp370",14142.0917396611,0.1653,70710.46,"Aporr_long_ssp370_mean"
"Unprotected","ssp370",71389.9082603389,0.8347,356949.54,"Aporr_long_ssp370_mean"
"V","ssp370",10902.2925922475,0.1275,54511.46,"Aporr_long_ssp370_mean"
"VI","ssp370",191.666199253523,0.0022,958.33,"Aporr_long_ssp370_mean"
"Ia","ssp585",53.2685023921041,7e-04,266.34,"Aporr_long_ssp585_mean"
"Ib","ssp585",54.7224993149093,7e-04,273.61,"Aporr_long_ssp585_mean"
"II","ssp585",405.156517236413,0.005,2025.78,"Aporr_long_ssp585_mean"
"III","ssp585",35.8369398231067,4e-04,179.18,"Aporr_long_ssp585_mean"
"IV","ssp585",2399.92259443316,0.0296,11999.61,"Aporr_long_ssp585_mean"
"Not.Applicable","ssp585",164.513534040636,0.002,822.57,"Aporr_long_ssp585_mean"
"Not.Assigned","ssp585",1490.65757727345,0.0184,7453.29,"Aporr_long_ssp585_mean"
"Not.Reported","ssp585",10091.390427678,0.1243,50456.95,"Aporr_long_ssp585_mean"
"Outside.PA","ssp585",56065.2137959888,0.6906,280326.07,"Aporr_long_ssp585_mean"
"Presence","ssp585",81186,1,405930,"Aporr_long_ssp585_mean"
"Protected","ssp585",13374.2246650192,0.1647,66871.12,"Aporr_long_ssp585_mean"
"Unprotected","ssp585",67811.7753349808,0.8353,339058.88,"Aporr_long_ssp585_mean"
"V","ssp585",10220.637489998,0.1259,51103.19,"Aporr_long_ssp585_mean"
"VI","ssp585",204.680121821448,0.0025,1023.4,"Aporr_long_ssp585_mean"
"Ia","ssp126",21.658182621317,3e-04,108.29,"Aporr_rose_ssp126_mean"
"Ib","ssp126",7.95204931235753,1e-04,39.76,"Aporr_rose_ssp126_mean"
"II","ssp126",452.294816082244,0.0054,2261.47,"Aporr_rose_ssp126_mean"
"III","ssp126",36.2718361278024,4e-04,181.36,"Aporr_rose_ssp126_mean"
"IV","ssp126",1868.36303492957,0.0223,9341.82,"Aporr_rose_ssp126_mean"
"Not.Applicable","ssp126",206.556750751894,0.0025,1032.78,"Aporr_rose_ssp126_mean"
"Not.Assigned","ssp126",1118.0118336768,0.0133,5590.06,"Aporr_rose_ssp126_mean"
"Not.Reported","ssp126",11916.1332133022,0.1421,59580.67,"Aporr_rose_ssp126_mean"
"Outside.PA","ssp126",56039.388488994,0.6685,280196.94,"Aporr_rose_ssp126_mean"
"Presence","ssp126",83829,1,419145,"Aporr_rose_ssp126_mean"
"Protected","ssp126",14548.909713275,0.1736,72744.55,"Aporr_rose_ssp126_mean"
"Unprotected","ssp126",69280.090286725,0.8264,346400.45,"Aporr_rose_ssp126_mean"
"V","ssp126",12037.4774370338,0.1436,60187.39,"Aporr_rose_ssp126_mean"
"VI","ssp126",124.892357167926,0.0015,624.46,"Aporr_rose_ssp126_mean"
"Ia","ssp370",26.324277982753,3e-04,131.62,"Aporr_rose_ssp370_mean"
"Ib","ssp370",8.06210817879878,1e-04,40.31,"Aporr_rose_ssp370_mean"
"II","ssp370",462.663425777896,0.0056,2313.32,"Aporr_rose_ssp370_mean"
"III","ssp370",39.7553461552891,5e-04,198.78,"Aporr_rose_ssp370_mean"
"IV","ssp370",1900.57980454984,0.0229,9502.9,"Aporr_rose_ssp370_mean"
"Not.Applicable","ssp370",228.598844941771,0.0027,1142.99,"Aporr_rose_ssp370_mean"
"Not.Assigned","ssp370",1333.43675802363,0.016,6667.18,"Aporr_rose_ssp370_mean"
"Not.Reported","ssp370",11881.8631212748,0.1429,59409.32,"Aporr_rose_ssp370_mean"
"Outside.PA","ssp370",55008.7094711134,0.6615,275043.55,"Aporr_rose_ssp370_mean"
"Presence","ssp370",83163,1,415815,"Aporr_rose_ssp370_mean"
"Protected","ssp370",14710.3918046464,0.1769,73551.96,"Aporr_rose_ssp370_mean"
"Unprotected","ssp370",68452.6081953536,0.8231,342263.04,"Aporr_rose_ssp370_mean"
"V","ssp370",12143.95230132,0.146,60719.76,"Aporr_rose_ssp370_mean"
"VI","ssp370",129.054540681907,0.0016,645.27,"Aporr_rose_ssp370_mean"
"Ia","ssp585",28.4029369738206,4e-04,142.01,"Aporr_rose_ssp585_mean"
"Ib","ssp585",8.04534080318058,1e-04,40.23,"Aporr_rose_ssp585_mean"
"II","ssp585",448.175443501724,0.0057,2240.88,"Aporr_rose_ssp585_mean"
"III","ssp585",41.7507004629084,5e-04,208.75,"Aporr_rose_ssp585_mean"
"IV","ssp585",1845.123805539,0.0234,9225.62,"Aporr_rose_ssp585_mean"
"Not.Applicable","ssp585",228.261145778155,0.0029,1141.31,"Aporr_rose_ssp585_mean"
"Not.Assigned","ssp585",1340.43665777736,0.017,6702.18,"Aporr_rose_ssp585_mean"
"Not.Reported","ssp585",11387.5175305163,0.1444,56937.59,"Aporr_rose_ssp585_mean"
"Outside.PA","ssp585",51709.2961922078,0.6556,258546.48,"Aporr_rose_ssp585_mean"
"Presence","ssp585",78873,1,394365,"Aporr_rose_ssp585_mean"
"Protected","ssp585",14207.4884737203,0.1801,71037.44,"Aporr_rose_ssp585_mean"
"Unprotected","ssp585",64665.5115262797,0.8199,323327.56,"Aporr_rose_ssp585_mean"
"V","ssp585",11713.5746703162,0.1485,58567.87,"Aporr_rose_ssp585_mean"
"VI","ssp585",122.415576123465,0.0016,612.08,"Aporr_rose_ssp585_mean"
"Ia","ssp126",64.764560165021,0.0012,323.82,"Dendr_atte_ssp126_mean"
"Ib","ssp126",19.6179444748664,4e-04,98.09,"Dendr_atte_ssp126_mean"
"II","ssp126",455.56090855148,0.0083,2277.8,"Dendr_atte_ssp126_mean"
"III","ssp126",36.8560045420774,7e-04,184.28,"Dendr_atte_ssp126_mean"
"IV","ssp126",1815.19848576297,0.0332,9075.99,"Dendr_atte_ssp126_mean"
"Not.Applicable","ssp126",255.189897692168,0.0047,1275.95,"Dendr_atte_ssp126_mean"
"Not.Assigned","ssp126",1226.03216778008,0.0224,6130.16,"Dendr_atte_ssp126_mean"
"Not.Reported","ssp126",8936.38803497489,0.1632,44681.94,"Dendr_atte_ssp126_mean"
"Outside.PA","ssp126",32477.9587026505,0.5933,162389.79,"Dendr_atte_ssp126_mean"
"Presence","ssp126",54745,1,273725,"Dendr_atte_ssp126_mean"
"Protected","ssp126",11849.4311969024,0.2164,59247.16,"Dendr_atte_ssp126_mean"
"Unprotected","ssp126",42895.5688030976,0.7836,214477.84,"Dendr_atte_ssp126_mean"
"V","ssp126",9212.51941005081,0.1683,46062.6,"Dendr_atte_ssp126_mean"
"VI","ssp126",244.913883355169,0.0045,1224.57,"Dendr_atte_ssp126_mean"
"Ia","ssp370",94.2161685498617,0.0015,471.08,"Dendr_atte_ssp370_mean"
"Ib","ssp370",33.4521577819676,5e-04,167.26,"Dendr_atte_ssp370_mean"
"II","ssp370",540.240802044587,0.0085,2701.2,"Dendr_atte_ssp370_mean"
"III","ssp370",42.9971275054098,7e-04,214.99,"Dendr_atte_ssp370_mean"
"IV","ssp370",2016.31442462922,0.0318,10081.57,"Dendr_atte_ssp370_mean"
"Not.Applicable","ssp370",275.311554451313,0.0043,1376.56,"Dendr_atte_ssp370_mean"
"Not.Assigned","ssp370",1510.74970380727,0.0239,7553.75,"Dendr_atte_ssp370_mean"
"Not.Reported","ssp370",10188.9176860233,0.1609,50944.59,"Dendr_atte_ssp370_mean"
"Outside.PA","ssp370",38396.7384908275,0.6064,191983.69,"Dendr_atte_ssp370_mean"
"Presence","ssp370",63317,1,316585,"Dendr_atte_ssp370_mean"
"Protected","ssp370",12945.2825648905,0.2045,64726.41,"Dendr_atte_ssp370_mean"
"Unprotected","ssp370",50371.7174351095,0.7955,251858.59,"Dendr_atte_ssp370_mean"
"V","ssp370",9932.86769169692,0.1569,49664.34,"Dendr_atte_ssp370_mean"
"VI","ssp370",285.19419268257,0.0045,1425.97,"Dendr_atte_ssp370_mean"
"Ia","ssp585",94.7341444203997,0.0015,473.67,"Dendr_atte_ssp585_mean"
"Ib","ssp585",31.0524493461896,5e-04,155.26,"Dendr_atte_ssp585_mean"
"II","ssp585",542.67403287407,0.0087,2713.37,"Dendr_atte_ssp585_mean"
"III","ssp585",41.116708120025,7e-04,205.58,"Dendr_atte_ssp585_mean"
"IV","ssp585",2009.20552995342,0.0324,10046.03,"Dendr_atte_ssp585_mean"
"Not.Applicable","ssp585",284.498047529778,0.0046,1422.49,"Dendr_atte_ssp585_mean"
"Not.Assigned","ssp585",1571.96674674437,0.0253,7859.83,"Dendr_atte_ssp585_mean"
"Not.Reported","ssp585",10091.5218551914,0.1626,50457.61,"Dendr_atte_ssp585_mean"
"Outside.PA","ssp585",37343.5885524633,0.6016,186717.94,"Dendr_atte_ssp585_mean"
"Presence","ssp585",62076,1,310380,"Dendr_atte_ssp585_mean"
"Protected","ssp585",12784.4247980711,0.2059,63922.12,"Dendr_atte_ssp585_mean"
"Unprotected","ssp585",49291.5752019289,0.7941,246457.88,"Dendr_atte_ssp585_mean"
"V","ssp585",9797.88721497567,0.1578,48989.44,"Dendr_atte_ssp585_mean"
"VI","ssp585",267.754718381303,0.0043,1338.77,"Dendr_atte_ssp585_mean"
"Ia","ssp126",0,0,0,"Dendr_illy_ssp126_mean"
"Ib","ssp126",0,0,0,"Dendr_illy_ssp126_mean"
"II","ssp126",0,0,0,"Dendr_illy_ssp126_mean"
"III","ssp126",0.0497158372700142,0.0011,0.25,"Dendr_illy_ssp126_mean"
"IV","ssp126",0.156093137047719,0.0035,0.78,"Dendr_illy_ssp126_mean"
"Not.Applicable","ssp126",1.12915702164173,0.0257,5.65,"Dendr_illy_ssp126_mean"
"Not.Assigned","ssp126",0,0,0,"Dendr_illy_ssp126_mean"
"Not.Reported","ssp126",19.9409053861818,0.4532,99.7,"Dendr_illy_ssp126_mean"
"Outside.PA","ssp126",4.38578546228837,0.0997,21.93,"Dendr_illy_ssp126_mean"
"Presence","ssp126",44,1,220,"Dendr_illy_ssp126_mean"
"Protected","ssp126",18.5441521298881,0.4215,92.72,"Dendr_illy_ssp126_mean"
"Unprotected","ssp126",25.4558478701119,0.5785,127.28,"Dendr_illy_ssp126_mean"
"V","ssp126",18.3383431555703,0.4168,91.69,"Dendr_illy_ssp126_mean"
"VI","ssp126",0,0,0,"Dendr_illy_ssp126_mean"
"Ia","ssp370",0,0,0,"Dendr_illy_ssp370_mean"
"Ib","ssp370",0,0,0,"Dendr_illy_ssp370_mean"
"II","ssp370",0,0,0,"Dendr_illy_ssp370_mean"
"III","ssp370",0,0,0,"Dendr_illy_ssp370_mean"
"IV","ssp370",0.000289900082862005,1e-04,0,"Dendr_illy_ssp370_mean"
"Not.Applicable","ssp370",0,0,0,"Dendr_illy_ssp370_mean"
"Not.Assigned","ssp370",0,0,0,"Dendr_illy_ssp370_mean"
"Not.Reported","ssp370",0.266248524188995,0.1331,1.33,"Dendr_illy_ssp370_mean"
"Outside.PA","ssp370",1.73346157572814,0.8667,8.67,"Dendr_illy_ssp370_mean"
"Presence","ssp370",2,1,10,"Dendr_illy_ssp370_mean"
"Protected","ssp370",0.000289900082862005,1e-04,0,"Dendr_illy_ssp370_mean"
"Unprotected","ssp370",1.99971009991714,0.9999,10,"Dendr_illy_ssp370_mean"
"V","ssp370",0,0,0,"Dendr_illy_ssp370_mean"
"VI","ssp370",0,0,0,"Dendr_illy_ssp370_mean"
"Ia","ssp585",0,0,0,"Dendr_illy_ssp585_mean"
"Ib","ssp585",0,0,0,"Dendr_illy_ssp585_mean"
"II","ssp585",0,0,0,"Dendr_illy_ssp585_mean"
"III","ssp585",0,0,0,"Dendr_illy_ssp585_mean"
"IV","ssp585",0,0,0,"Dendr_illy_ssp585_mean"
"Not.Applicable","ssp585",0,0,0,"Dendr_illy_ssp585_mean"
"Not.Assigned","ssp585",0,0,0,"Dendr_illy_ssp585_mean"
"Not.Reported","ssp585",0,0,0,"Dendr_illy_ssp585_mean"
"Outside.PA","ssp585",1,1,5,"Dendr_illy_ssp585_mean"
"Presence","ssp585",1,1,5,"Dendr_illy_ssp585_mean"
"Protected","ssp585",0,0,0,"Dendr_illy_ssp585_mean"
"Unprotected","ssp585",1,1,5,"Dendr_illy_ssp585_mean"
"V","ssp585",0,0,0,"Dendr_illy_ssp585_mean"
"VI","ssp585",0,0,0,"Dendr_illy_ssp585_mean"
"Ia","ssp126",166.427573904415,0.0017,832.14,"Dendr_octa_ssp126_mean"
"Ib","ssp126",363.195631736855,0.0037,1815.98,"Dendr_octa_ssp126_mean"
"II","ssp126",1456.7895599422,0.0147,7283.95,"Dendr_octa_ssp126_mean"
"III","ssp126",60.1065576652128,6e-04,300.53,"Dendr_octa_ssp126_mean"
"IV","ssp126",3043.52068727213,0.0307,15217.6,"Dendr_octa_ssp126_mean"
"Not.Applicable","ssp126",455.852417143498,0.0046,2279.26,"Dendr_octa_ssp126_mean"
"Not.Assigned","ssp126",3310.01930438674,0.0334,16550.1,"Dendr_octa_ssp126_mean"
"Not.Reported","ssp126",20381.5610826634,0.2055,101907.81,"Dendr_octa_ssp126_mean"
"Outside.PA","ssp126",54116.3466749091,0.5457,270581.73,"Dendr_octa_ssp126_mean"
"Presence","ssp126",99168,1,495840,"Dendr_octa_ssp126_mean"
"Protected","ssp126",20904.2205208974,0.2108,104521.1,"Dendr_octa_ssp126_mean"
"Unprotected","ssp126",78263.7794791026,0.7892,391318.9,"Dendr_octa_ssp126_mean"
"V","ssp126",15439.0004799554,0.1557,77195,"Dendr_octa_ssp126_mean"
"VI","ssp126",375.180030421132,0.0038,1875.9,"Dendr_octa_ssp126_mean"
"Ia","ssp370",195.566192520304,0.0018,977.83,"Dendr_octa_ssp370_mean"
"Ib","ssp370",463.755568610048,0.0044,2318.78,"Dendr_octa_ssp370_mean"
"II","ssp370",1494.65089798633,0.014,7473.25,"Dendr_octa_ssp370_mean"
"III","ssp370",68.1801703117617,6e-04,340.9,"Dendr_octa_ssp370_mean"
"IV","ssp370",3164.10593986941,0.0297,15820.53,"Dendr_octa_ssp370_mean"
"Not.Applicable","ssp370",502.171168304711,0.0047,2510.86,"Dendr_octa_ssp370_mean"
"Not.Assigned","ssp370",4682.93486625679,0.0439,23414.67,"Dendr_octa_ssp370_mean"
"Not.Reported","ssp370",21592.1279415704,0.2026,107960.64,"Dendr_octa_ssp370_mean"
"Outside.PA","ssp370",57979.6431017447,0.544,289898.22,"Dendr_octa_ssp370_mean"
"Presence","ssp370",106572,1,532860,"Dendr_octa_ssp370_mean"
"Protected","ssp370",21815.1229221234,0.2047,109075.61,"Dendr_octa_ssp370_mean"
"Unprotected","ssp370",84756.8770778766,0.7953,423784.39,"Dendr_octa_ssp370_mean"
"V","ssp370",16036.5480021091,0.1505,80182.74,"Dendr_octa_ssp370_mean"
"VI","ssp370",392.316150716484,0.0037,1961.58,"Dendr_octa_ssp370_mean"
"Ia","ssp585",192.955583974617,0.0019,964.78,"Dendr_octa_ssp585_mean"
"Ib","ssp585",478.051011347869,0.0046,2390.26,"Dendr_octa_ssp585_mean"
"II","ssp585",1438.7018203178,0.0139,7193.51,"Dendr_octa_ssp585_mean"
"III","ssp585",65.9243392896126,6e-04,329.62,"Dendr_octa_ssp585_mean"
"IV","ssp585",3110.59276896619,0.0301,15552.96,"Dendr_octa_ssp585_mean"
"Not.Applicable","ssp585",488.259649659703,0.0047,2441.3,"Dendr_octa_ssp585_mean"
"Not.Assigned","ssp585",4754.93135466269,0.046,23774.66,"Dendr_octa_ssp585_mean"
"Not.Reported","ssp585",20906.2126525823,0.2025,104531.06,"Dendr_octa_ssp585_mean"
"Outside.PA","ssp585",55764.2500578555,0.54,278821.25,"Dendr_octa_ssp585_mean"
"Presence","ssp585",103262,1,516310,"Dendr_octa_ssp585_mean"
"Protected","ssp585",21348.3462852398,0.2067,106741.73,"Dendr_octa_ssp585_mean"
"Unprotected","ssp585",81913.6537147602,0.7933,409568.27,"Dendr_octa_ssp585_mean"
"V","ssp585",15676.8615150195,0.1518,78384.31,"Dendr_octa_ssp585_mean"
"VI","ssp585",385.259246324208,0.0037,1926.3,"Dendr_octa_ssp585_mean"
"Ia","ssp126",236.726078756854,0.0019,1183.63,"Dendr_rubi_ssp126_mean"
"Ib","ssp126",389.817176834089,0.0032,1949.09,"Dendr_rubi_ssp126_mean"
"II","ssp126",1165.26448376547,0.0095,5826.32,"Dendr_rubi_ssp126_mean"
"III","ssp126",84.8608273869856,7e-04,424.3,"Dendr_rubi_ssp126_mean"
"IV","ssp126",3596.21512146114,0.0292,17981.08,"Dendr_rubi_ssp126_mean"
"Not.Applicable","ssp126",565.304362618156,0.0046,2826.52,"Dendr_rubi_ssp126_mean"
"Not.Assigned","ssp126",3438.0690941495,0.0279,17190.35,"Dendr_rubi_ssp126_mean"
"Not.Reported","ssp126",20410.480246307,0.1657,102052.4,"Dendr_rubi_ssp126_mean"
"Outside.PA","ssp126",76483.494763142,0.621,382417.47,"Dendr_rubi_ssp126_mean"
"Presence","ssp126",123159,1,615795,"Dendr_rubi_ssp126_mean"
"Protected","ssp126",22261.6515337833,0.1808,111308.26,"Dendr_rubi_ssp126_mean"
"Unprotected","ssp126",100897.348466217,0.8192,504486.74,"Dendr_rubi_ssp126_mean"
"V","ssp126",16297.8859329221,0.1323,81489.43,"Dendr_rubi_ssp126_mean"
"VI","ssp126",490.881912656708,0.004,2454.41,"Dendr_rubi_ssp126_mean"
"Ia","ssp370",280.783732896751,0.0022,1403.92,"Dendr_rubi_ssp370_mean"
"Ib","ssp370",485.984455358941,0.0039,2429.92,"Dendr_rubi_ssp370_mean"
"II","ssp370",1224.14460424384,0.0097,6120.72,"Dendr_rubi_ssp370_mean"
"III","ssp370",85.9994329814546,7e-04,430,"Dendr_rubi_ssp370_mean"
"IV","ssp370",3655.01002953072,0.029,18275.05,"Dendr_rubi_ssp370_mean"
"Not.Applicable","ssp370",531.919047157086,0.0042,2659.6,"Dendr_rubi_ssp370_mean"
"Not.Assigned","ssp370",4072.21841994104,0.0323,20361.09,"Dendr_rubi_ssp370_mean"
"Not.Reported","ssp370",20738.5134180422,0.1645,103692.57,"Dendr_rubi_ssp370_mean"
"Outside.PA","ssp370",78164.2234868744,0.6199,390821.12,"Dendr_rubi_ssp370_mean"
"Presence","ssp370",126092,1,630460,"Dendr_rubi_ssp370_mean"
"Protected","ssp370",22585.1256279853,0.1791,112925.63,"Dendr_rubi_ssp370_mean"
"Unprotected","ssp370",103506.874372015,0.8209,517534.37,"Dendr_rubi_ssp370_mean"
"V","ssp370",16355.0138843475,0.1297,81775.07,"Dendr_rubi_ssp370_mean"
"VI","ssp370",498.189488626088,0.004,2490.95,"Dendr_rubi_ssp370_mean"
"Ia","ssp585",287.550586997594,0.0023,1437.75,"Dendr_rubi_ssp585_mean"
"Ib","ssp585",449.393906258477,0.0037,2246.97,"Dendr_rubi_ssp585_mean"
"II","ssp585",1214.53886297613,0.0099,6072.69,"Dendr_rubi_ssp585_mean"
"III","ssp585",86.4537141588166,7e-04,432.27,"Dendr_rubi_ssp585_mean"
"IV","ssp585",3592.27097593307,0.0292,17961.35,"Dendr_rubi_ssp585_mean"
"Not.Applicable","ssp585",487.649842883176,0.004,2438.25,"Dendr_rubi_ssp585_mean"
"Not.Assigned","ssp585",4280.38847085575,0.0348,21401.94,"Dendr_rubi_ssp585_mean"
"Not.Reported","ssp585",20168.7781014677,0.1641,100843.89,"Dendr_rubi_ssp585_mean"
"Outside.PA","ssp585",75994.632005263,0.6184,379973.16,"Dendr_rubi_ssp585_mean"
"Presence","ssp585",122889,1,614445,"Dendr_rubi_ssp585_mean"
"Protected","ssp585",21957.5515795304,0.1787,109787.76,"Dendr_rubi_ssp585_mean"
"Unprotected","ssp585",100931.44842047,0.8213,504657.24,"Dendr_rubi_ssp585_mean"
"V","ssp585",15846.002578867,0.1289,79230.01,"Dendr_rubi_ssp585_mean"
"VI","ssp585",481.340954339239,0.0039,2406.7,"Dendr_rubi_ssp585_mean"
"Ia","ssp126",51.8604186107081,8e-04,259.3,"Eisen_feti_ssp126_mean"
"Ib","ssp126",49.0502646532921,7e-04,245.25,"Eisen_feti_ssp126_mean"
"II","ssp126",494.049000258733,0.0072,2470.25,"Eisen_feti_ssp126_mean"
"III","ssp126",40.4406497864346,6e-04,202.2,"Eisen_feti_ssp126_mean"
"IV","ssp126",1875.17673438348,0.0273,9375.88,"Eisen_feti_ssp126_mean"
"Not.Applicable","ssp126",201.237354871053,0.0029,1006.19,"Eisen_feti_ssp126_mean"
"Not.Assigned","ssp126",1074.65810234804,0.0156,5373.29,"Eisen_feti_ssp126_mean"
"Not.Reported","ssp126",9729.94282503797,0.1415,48649.71,"Eisen_feti_ssp126_mean"
"Outside.PA","ssp126",47221.4327182658,0.6867,236107.16,"Eisen_feti_ssp126_mean"
"Presence","ssp126",68761,1,343805,"Eisen_feti_ssp126_mean"
"Protected","ssp126",10533.7289994771,0.1532,52668.64,"Eisen_feti_ssp126_mean"
"Unprotected","ssp126",58227.2710005229,0.8468,291136.36,"Eisen_feti_ssp126_mean"
"V","ssp126",7601.93762013271,0.1106,38009.69,"Eisen_feti_ssp126_mean"
"VI","ssp126",421.214311651756,0.0061,2106.07,"Eisen_feti_ssp126_mean"
"Ia","ssp370",48.4041063202176,8e-04,242.02,"Eisen_feti_ssp370_mean"
"Ib","ssp370",44.1831283905274,7e-04,220.92,"Eisen_feti_ssp370_mean"
"II","ssp370",463.265215964982,0.0075,2316.33,"Eisen_feti_ssp370_mean"
"III","ssp370",31.5875763584775,5e-04,157.94,"Eisen_feti_ssp370_mean"
"IV","ssp370",1783.34183789514,0.0289,8916.71,"Eisen_feti_ssp370_mean"
"Not.Applicable","ssp370",179.971622811157,0.0029,899.86,"Eisen_feti_ssp370_mean"
"Not.Assigned","ssp370",1144.35064698475,0.0186,5721.75,"Eisen_feti_ssp370_mean"
"Not.Reported","ssp370",8033.30697272807,0.1303,40166.53,"Eisen_feti_ssp370_mean"
"Outside.PA","ssp370",42512.2525810714,0.6896,212561.26,"Eisen_feti_ssp370_mean"
"Presence","ssp370",61649,1,308245,"Eisen_feti_ssp370_mean"
"Protected","ssp370",9779.11817640467,0.1586,48895.59,"Eisen_feti_ssp370_mean"
"Unprotected","ssp370",51869.8818235953,0.8414,259349.41,"Eisen_feti_ssp370_mean"
"V","ssp370",7039.4729966855,0.1142,35197.36,"Eisen_feti_ssp370_mean"
"VI","ssp370",368.863314789816,0.006,1844.32,"Eisen_feti_ssp370_mean"
"Ia","ssp585",47.1410359910801,8e-04,235.71,"Eisen_feti_ssp585_mean"
"Ib","ssp585",47.6166991645084,8e-04,238.08,"Eisen_feti_ssp585_mean"
"II","ssp585",422.735620289562,0.0074,2113.68,"Eisen_feti_ssp585_mean"
"III","ssp585",28.0495336077351,5e-04,140.25,"Eisen_feti_ssp585_mean"
"IV","ssp585",1709.50006240419,0.0301,8547.5,"Eisen_feti_ssp585_mean"
"Not.Applicable","ssp585",167.743408910457,0.003,838.72,"Eisen_feti_ssp585_mean"
"Not.Assigned","ssp585",1090.90440228093,0.0192,5454.52,"Eisen_feti_ssp585_mean"
"Not.Reported","ssp585",7175.57606147343,0.1264,35877.88,"Eisen_feti_ssp585_mean"
"Outside.PA","ssp585",39314.8757492147,0.6924,196574.38,"Eisen_feti_ssp585_mean"
"Presence","ssp585",56777,1,283885,"Eisen_feti_ssp585_mean"
"Protected","ssp585",9027.90037812047,0.159,45139.5,"Eisen_feti_ssp585_mean"
"Unprotected","ssp585",47749.0996218795,0.841,238745.5,"Eisen_feti_ssp585_mean"
"V","ssp585",6435.12411627013,0.1133,32175.62,"Eisen_feti_ssp585_mean"
"VI","ssp585",337.733310393271,0.0059,1688.67,"Eisen_feti_ssp585_mean"
"Ia","ssp126",1.32127586803244,0,6.61,"Eisen_tetr_ssp126_mean"
"Ib","ssp126",4.30265168295182,1e-04,21.51,"Eisen_tetr_ssp126_mean"
"II","ssp126",101.355275838406,0.0033,506.78,"Eisen_tetr_ssp126_mean"
"III","ssp126",5.8569678921517,2e-04,29.28,"Eisen_tetr_ssp126_mean"
"IV","ssp126",957.272397969543,0.0309,4786.36,"Eisen_tetr_ssp126_mean"
"Not.Applicable","ssp126",12.1153743238483,4e-04,60.58,"Eisen_tetr_ssp126_mean"
"Not.Assigned","ssp126",709.14168467646,0.0229,3545.71,"Eisen_tetr_ssp126_mean"
"Not.Reported","ssp126",3369.39370688052,0.1087,16846.97,"Eisen_tetr_ssp126_mean"
"Outside.PA","ssp126",20970.4929049859,0.6766,104852.46,"Eisen_tetr_ssp126_mean"
"Presence","ssp126",30996,1,154980,"Eisen_tetr_ssp126_mean"
"Protected","ssp126",5934.85632913332,0.1915,29674.28,"Eisen_tetr_ssp126_mean"
"Unprotected","ssp126",25061.1436708667,0.8085,125305.72,"Eisen_tetr_ssp126_mean"
"V","ssp126",4838.17486708201,0.1561,24190.87,"Eisen_tetr_ssp126_mean"
"VI","ssp126",26.5728928002227,9e-04,132.86,"Eisen_tetr_ssp126_mean"
"Ia","ssp370",0.832191330031492,0,4.16,"Eisen_tetr_ssp370_mean"
"Ib","ssp370",2.89070783360103,1e-04,14.45,"Eisen_tetr_ssp370_mean"
"II","ssp370",102.509259527572,0.0035,512.55,"Eisen_tetr_ssp370_mean"
"III","ssp370",7.54479320336672,3e-04,37.72,"Eisen_tetr_ssp370_mean"
"IV","ssp370",1035.43943799344,0.0352,5177.2,"Eisen_tetr_ssp370_mean"
"Not.Applicable","ssp370",13.3260763873059,5e-04,66.63,"Eisen_tetr_ssp370_mean"
"Not.Assigned","ssp370",724.403419058235,0.0246,3622.02,"Eisen_tetr_ssp370_mean"
"Not.Reported","ssp370",3348.81088212951,0.1139,16744.05,"Eisen_tetr_ssp370_mean"
"Outside.PA","ssp370",19401.1081653261,0.66,97005.54,"Eisen_tetr_ssp370_mean"
"Presence","ssp370",29394,1,146970,"Eisen_tetr_ssp370_mean"
"Protected","ssp370",5906.35145709888,0.2009,29531.76,"Eisen_tetr_ssp370_mean"
"Unprotected","ssp370",23487.6485429011,0.7991,117438.24,"Eisen_tetr_ssp370_mean"
"V","ssp370",4725.44757521056,0.1608,23627.24,"Eisen_tetr_ssp370_mean"
"VI","ssp370",31.6874920003047,0.0011,158.44,"Eisen_tetr_ssp370_mean"
"Ia","ssp585",0.636354103131453,0,3.18,"Eisen_tetr_ssp585_mean"
"Ib","ssp585",1.05704905267339,0,5.29,"Eisen_tetr_ssp585_mean"
"II","ssp585",78.4411955617879,0.0034,392.21,"Eisen_tetr_ssp585_mean"
"III","ssp585",7.04807600914778,3e-04,35.24,"Eisen_tetr_ssp585_mean"
"IV","ssp585",795.332720210848,0.035,3976.66,"Eisen_tetr_ssp585_mean"
"Not.Applicable","ssp585",13.6288915885325,6e-04,68.14,"Eisen_tetr_ssp585_mean"
"Not.Assigned","ssp585",533.143791618884,0.0234,2665.72,"Eisen_tetr_ssp585_mean"
"Not.Reported","ssp585",2354.63983795205,0.1035,11773.2,"Eisen_tetr_ssp585_mean"
"Outside.PA","ssp585",15802.8722196123,0.6947,79014.36,"Eisen_tetr_ssp585_mean"
"Presence","ssp585",22748,1,113740,"Eisen_tetr_ssp585_mean"
"Protected","ssp585",4043.71525922825,0.1778,20218.58,"Eisen_tetr_ssp585_mean"
"Unprotected","ssp585",18704.2847407718,0.8222,93521.42,"Eisen_tetr_ssp585_mean"
"V","ssp585",3148.94441925021,0.1384,15744.72,"Eisen_tetr_ssp585_mean"
"VI","ssp585",12.2554450404496,5e-04,61.28,"Eisen_tetr_ssp585_mean"
"Ia","ssp126",114.117062648307,0.0011,570.59,"Lumbr_cast_ssp126_mean"
"Ib","ssp126",75.4030602134255,7e-04,377.02,"Lumbr_cast_ssp126_mean"
"II","ssp126",1229.89223866682,0.0115,6149.46,"Lumbr_cast_ssp126_mean"
"III","ssp126",67.9714277493686,6e-04,339.86,"Lumbr_cast_ssp126_mean"
"IV","ssp126",2917.81661555433,0.0272,14589.08,"Lumbr_cast_ssp126_mean"
"Not.Applicable","ssp126",499.937509813435,0.0047,2499.69,"Lumbr_cast_ssp126_mean"
"Not.Assigned","ssp126",1750.86337959998,0.0163,8754.32,"Lumbr_cast_ssp126_mean"
"Not.Reported","ssp126",18144.339354123,0.1694,90721.7,"Lumbr_cast_ssp126_mean"
"Outside.PA","ssp126",65896.4828034942,0.6152,329482.41,"Lumbr_cast_ssp126_mean"
"Presence","ssp126",107117,1,535585,"Lumbr_cast_ssp126_mean"
"Protected","ssp126",20825.3769529694,0.1944,104126.88,"Lumbr_cast_ssp126_mean"
"Unprotected","ssp126",86291.6230470306,0.8056,431458.12,"Lumbr_cast_ssp126_mean"
"V","ssp126",16007.7066764565,0.1494,80038.53,"Lumbr_cast_ssp126_mean"
"VI","ssp126",412.469871680622,0.0039,2062.35,"Lumbr_cast_ssp126_mean"
"Ia","ssp370",115.971746619396,0.0011,579.86,"Lumbr_cast_ssp370_mean"
"Ib","ssp370",79.6478399892542,7e-04,398.24,"Lumbr_cast_ssp370_mean"
"II","ssp370",1192.70227389549,0.0111,5963.51,"Lumbr_cast_ssp370_mean"
"III","ssp370",67.603665580939,6e-04,338.02,"Lumbr_cast_ssp370_mean"
"IV","ssp370",2887.62317299408,0.0269,14438.12,"Lumbr_cast_ssp370_mean"
"Not.Applicable","ssp370",509.965686168487,0.0047,2549.83,"Lumbr_cast_ssp370_mean"
"Not.Assigned","ssp370",1718.18359732722,0.016,8590.92,"Lumbr_cast_ssp370_mean"
"Not.Reported","ssp370",18124.5293270378,0.1686,90622.65,"Lumbr_cast_ssp370_mean"
"Outside.PA","ssp370",66523.7655007501,0.619,332618.83,"Lumbr_cast_ssp370_mean"
"Presence","ssp370",107478,1,537390,"Lumbr_cast_ssp370_mean"
"Protected","ssp370",20601.5558887164,0.1917,103007.78,"Lumbr_cast_ssp370_mean"
"Unprotected","ssp370",86876.4441112836,0.8083,434382.22,"Lumbr_cast_ssp370_mean"
"V","ssp370",15859.4675233848,0.1476,79297.34,"Lumbr_cast_ssp370_mean"
"VI","ssp370",398.539666252421,0.0037,1992.7,"Lumbr_cast_ssp370_mean"
"Ia","ssp585",118.351379240398,0.0011,591.76,"Lumbr_cast_ssp585_mean"
"Ib","ssp585",83.5361690872553,8e-04,417.68,"Lumbr_cast_ssp585_mean"
"II","ssp585",1192.45887572821,0.0115,5962.29,"Lumbr_cast_ssp585_mean"
"III","ssp585",64.0075472326776,6e-04,320.04,"Lumbr_cast_ssp585_mean"
"IV","ssp585",2829.82956717501,0.0272,14149.15,"Lumbr_cast_ssp585_mean"
"Not.Applicable","ssp585",508.703307867554,0.0049,2543.52,"Lumbr_cast_ssp585_mean"
"Not.Assigned","ssp585",1737.86351665596,0.0167,8689.32,"Lumbr_cast_ssp585_mean"
"Not.Reported","ssp585",17545.4981853363,0.1686,87727.49,"Lumbr_cast_ssp585_mean"
"Outside.PA","ssp585",64147.5186777938,0.6166,320737.59,"Lumbr_cast_ssp585_mean"
"Presence","ssp585",104039,1,520195,"Lumbr_cast_ssp585_mean"
"Protected","ssp585",20099.4163123464,0.1932,100497.08,"Lumbr_cast_ssp585_mean"
"Unprotected","ssp585",83939.5836876536,0.8068,419697.92,"Lumbr_cast_ssp585_mean"
"V","ssp585",15438.5990766886,0.1484,77193,"Lumbr_cast_ssp585_mean"
"VI","ssp585",372.633697194272,0.0036,1863.17,"Lumbr_cast_ssp585_mean"
"Ia","ssp126",16.879558870613,3e-04,84.4,"Lumbr_fest_ssp126_mean"
"Ib","ssp126",5.6521353898404,1e-04,28.26,"Lumbr_fest_ssp126_mean"
"II","ssp126",149.867419924315,0.0029,749.34,"Lumbr_fest_ssp126_mean"
"III","ssp126",11.3058711893895,2e-04,56.53,"Lumbr_fest_ssp126_mean"
"IV","ssp126",1660.59635357186,0.0325,8302.98,"Lumbr_fest_ssp126_mean"
"Not.Applicable","ssp126",142.710449843626,0.0028,713.55,"Lumbr_fest_ssp126_mean"
"Not.Assigned","ssp126",926.209504164827,0.0181,4631.05,"Lumbr_fest_ssp126_mean"
"Not.Reported","ssp126",6323.8538369153,0.1236,31619.27,"Lumbr_fest_ssp126_mean"
"Outside.PA","ssp126",35306.3258082931,0.6902,176531.63,"Lumbr_fest_ssp126_mean"
"Presence","ssp126",51152,1,255760,"Lumbr_fest_ssp126_mean"
"Protected","ssp126",8452.90040078318,0.1653,42264.5,"Lumbr_fest_ssp126_mean"
"Unprotected","ssp126",42699.0995992168,0.8347,213495.5,"Lumbr_fest_ssp126_mean"
"V","ssp126",6553.51087711569,0.1281,32767.55,"Lumbr_fest_ssp126_mean"
"VI","ssp126",55.0881847214641,0.0011,275.44,"Lumbr_fest_ssp126_mean"
"Ia","ssp370",26.5912039676783,5e-04,132.96,"Lumbr_fest_ssp370_mean"
"Ib","ssp370",7.80783618635701,1e-04,39.04,"Lumbr_fest_ssp370_mean"
"II","ssp370",164.092172511261,0.0031,820.46,"Lumbr_fest_ssp370_mean"
"III","ssp370",13.8732380206603,3e-04,69.37,"Lumbr_fest_ssp370_mean"
"IV","ssp370",1683.04786778113,0.032,8415.24,"Lumbr_fest_ssp370_mean"
"Not.Applicable","ssp370",141.611328876535,0.0027,708.06,"Lumbr_fest_ssp370_mean"
"Not.Assigned","ssp370",1027.46685467459,0.0195,5137.33,"Lumbr_fest_ssp370_mean"
"Not.Reported","ssp370",6383.25264500231,0.1214,31916.26,"Lumbr_fest_ssp370_mean"
"Outside.PA","ssp370",36532.8855254878,0.6948,182664.43,"Lumbr_fest_ssp370_mean"
"Presence","ssp370",52580,1,262900,"Lumbr_fest_ssp370_mean"
"Protected","ssp370",8494.78364595877,0.1616,42473.92,"Lumbr_fest_ssp370_mean"
"Unprotected","ssp370",44085.2163540412,0.8384,220426.08,"Lumbr_fest_ssp370_mean"
"V","ssp370",6547.31541476257,0.1245,32736.58,"Lumbr_fest_ssp370_mean"
"VI","ssp370",52.0559127291071,0.001,260.28,"Lumbr_fest_ssp370_mean"
"Ia","ssp585",23.5561756507192,5e-04,117.78,"Lumbr_fest_ssp585_mean"
"Ib","ssp585",8.39860329111775,2e-04,41.99,"Lumbr_fest_ssp585_mean"
"II","ssp585",162.571412191134,0.0032,812.86,"Lumbr_fest_ssp585_mean"
"III","ssp585",13.0559177807098,3e-04,65.28,"Lumbr_fest_ssp585_mean"
"IV","ssp585",1670.83175662467,0.0333,8354.16,"Lumbr_fest_ssp585_mean"
"Not.Applicable","ssp585",137.059416519436,0.0027,685.3,"Lumbr_fest_ssp585_mean"
"Not.Assigned","ssp585",1038.50424452957,0.0207,5192.52,"Lumbr_fest_ssp585_mean"
"Not.Reported","ssp585",6003.93888476055,0.1196,30019.69,"Lumbr_fest_ssp585_mean"
"Outside.PA","ssp585",34747.2309381972,0.6922,173736.15,"Lumbr_fest_ssp585_mean"
"Presence","ssp585",50195,1,250975,"Lumbr_fest_ssp585_mean"
"Protected","ssp585",8268.26651599328,0.1647,41341.33,"Lumbr_fest_ssp585_mean"
"Unprotected","ssp585",41926.7334840067,0.8353,209633.67,"Lumbr_fest_ssp585_mean"
"V","ssp585",6337.29113045896,0.1263,31686.46,"Lumbr_fest_ssp585_mean"
"VI","ssp585",52.5615199959593,0.001,262.81,"Lumbr_fest_ssp585_mean"
"Ia","ssp126",98.5339168924553,0.001,492.67,"Lumbr_rube_ssp126_mean"
"Ib","ssp126",25.4471817843398,3e-04,127.24,"Lumbr_rube_ssp126_mean"
"II","ssp126",1071.55370152418,0.0108,5357.77,"Lumbr_rube_ssp126_mean"
"III","ssp126",54.1841048573335,5e-04,270.92,"Lumbr_rube_ssp126_mean"
"IV","ssp126",2798.38222406379,0.0282,13991.91,"Lumbr_rube_ssp126_mean"
"Not.Applicable","ssp126",369.536227415374,0.0037,1847.68,"Lumbr_rube_ssp126_mean"
"Not.Assigned","ssp126",2323.42832991096,0.0234,11617.14,"Lumbr_rube_ssp126_mean"
"Not.Reported","ssp126",17782.4189149049,0.1795,88912.09,"Lumbr_rube_ssp126_mean"
"Outside.PA","ssp126",58643.2384539167,0.5919,293216.19,"Lumbr_rube_ssp126_mean"
"Presence","ssp126",99082,1,495410,"Lumbr_rube_ssp126_mean"
"Protected","ssp126",19963.378073852,0.2015,99816.89,"Lumbr_rube_ssp126_mean"
"Unprotected","ssp126",79118.621926148,0.7985,395593.11,"Lumbr_rube_ssp126_mean"
"V","ssp126",15622.8371960656,0.1577,78114.19,"Lumbr_rube_ssp126_mean"
"VI","ssp126",292.439748664356,0.003,1462.2,"Lumbr_rube_ssp126_mean"
"Ia","ssp370",116.625843254334,0.0012,583.13,"Lumbr_rube_ssp370_mean"
"Ib","ssp370",33.6546314926593,3e-04,168.27,"Lumbr_rube_ssp370_mean"
"II","ssp370",1084.59916493569,0.0112,5423,"Lumbr_rube_ssp370_mean"
"III","ssp370",53.2681770169027,6e-04,266.34,"Lumbr_rube_ssp370_mean"
"IV","ssp370",2906.07087365522,0.0301,14530.35,"Lumbr_rube_ssp370_mean"
"Not.Applicable","ssp370",390.306139689386,0.004,1951.53,"Lumbr_rube_ssp370_mean"
"Not.Assigned","ssp370",2896.67615624741,0.03,14483.38,"Lumbr_rube_ssp370_mean"
"Not.Reported","ssp370",17361.6433942285,0.18,86808.22,"Lumbr_rube_ssp370_mean"
"Outside.PA","ssp370",55607.2291204167,0.5766,278036.15,"Lumbr_rube_ssp370_mean"
"Presence","ssp370",96448,1,482240,"Lumbr_rube_ssp370_mean"
"Protected","ssp370",20192.145189418,0.2094,100960.73,"Lumbr_rube_ssp370_mean"
"Unprotected","ssp370",76255.854810582,0.7906,381279.27,"Lumbr_rube_ssp370_mean"
"V","ssp370",15685.5324076697,0.1626,78427.66,"Lumbr_rube_ssp370_mean"
"VI","ssp370",312.394091393438,0.0032,1561.97,"Lumbr_rube_ssp370_mean"
"Ia","ssp585",111.762883239041,0.0013,558.81,"Lumbr_rube_ssp585_mean"
"Ib","ssp585",33.0187062981779,4e-04,165.09,"Lumbr_rube_ssp585_mean"
"II","ssp585",1041.90711953163,0.0117,5209.54,"Lumbr_rube_ssp585_mean"
"III","ssp585",47.6252798367817,5e-04,238.13,"Lumbr_rube_ssp585_mean"
"IV","ssp585",2846.36378890198,0.0319,14231.82,"Lumbr_rube_ssp585_mean"
"Not.Applicable","ssp585",361.72564866121,0.004,1808.63,"Lumbr_rube_ssp585_mean"
"Not.Assigned","ssp585",3250.38760441974,0.0364,16251.94,"Lumbr_rube_ssp585_mean"
"Not.Reported","ssp585",16186.5714476228,0.1812,80932.86,"Lumbr_rube_ssp585_mean"
"Outside.PA","ssp585",50221.5012933687,0.5622,251107.51,"Lumbr_rube_ssp585_mean"
"Presence","ssp585",89332,1,446660,"Lumbr_rube_ssp585_mean"
"Protected","ssp585",19311.8140059275,0.2162,96559.07,"Lumbr_rube_ssp585_mean"
"Unprotected","ssp585",70020.1859940725,0.7838,350100.93,"Lumbr_rube_ssp585_mean"
"V","ssp585",14941.992402726,0.1673,74709.96,"Lumbr_rube_ssp585_mean"
"VI","ssp585",289.143825393886,0.0032,1445.72,"Lumbr_rube_ssp585_mean"
"Ia","ssp126",69.5101600619515,6e-04,347.55,"Lumbr_terr_ssp126_mean"
"Ib","ssp126",18.5278658127147,2e-04,92.64,"Lumbr_terr_ssp126_mean"
"II","ssp126",699.615720878431,0.0064,3498.08,"Lumbr_terr_ssp126_mean"
"III","ssp126",46.6326439405135,4e-04,233.16,"Lumbr_terr_ssp126_mean"
"IV","ssp126",2530.83933496237,0.0232,12654.2,"Lumbr_terr_ssp126_mean"
"Not.Applicable","ssp126",308.895749729636,0.0028,1544.48,"Lumbr_terr_ssp126_mean"
"Not.Assigned","ssp126",2686.80160129519,0.0246,13434.01,"Lumbr_terr_ssp126_mean"
"Not.Reported","ssp126",15910.4396585448,0.1459,79552.2,"Lumbr_terr_ssp126_mean"
"Outside.PA","ssp126",71460.5882168576,0.6552,357302.94,"Lumbr_terr_ssp126_mean"
"Presence","ssp126",109071,1,545355,"Lumbr_terr_ssp126_mean"
"Protected","ssp126",18704.2747735728,0.1715,93521.37,"Lumbr_terr_ssp126_mean"
"Unprotected","ssp126",90366.7252264272,0.8285,451833.63,"Lumbr_terr_ssp126_mean"
"V","ssp126",15138.801884062,0.1388,75694.01,"Lumbr_terr_ssp126_mean"
"VI","ssp126",200.347163854813,0.0018,1001.74,"Lumbr_terr_ssp126_mean"
"Ia","ssp370",73.1644025139612,7e-04,365.82,"Lumbr_terr_ssp370_mean"
"Ib","ssp370",26.467183250433,3e-04,132.34,"Lumbr_terr_ssp370_mean"
"II","ssp370",626.848104924031,0.0062,3134.24,"Lumbr_terr_ssp370_mean"
"III","ssp370",46.5207191456703,5e-04,232.6,"Lumbr_terr_ssp370_mean"
"IV","ssp370",2469.85483711521,0.0245,12349.27,"Lumbr_terr_ssp370_mean"
"Not.Applicable","ssp370",300.369902159944,0.003,1501.85,"Lumbr_terr_ssp370_mean"
"Not.Assigned","ssp370",2974.58405317745,0.0296,14872.92,"Lumbr_terr_ssp370_mean"
"Not.Reported","ssp370",14130.2152037916,0.1404,70651.08,"Lumbr_terr_ssp370_mean"
"Outside.PA","ssp370",65409.8247013171,0.6498,327049.12,"Lumbr_terr_ssp370_mean"
"Presence","ssp370",100656,1,503280,"Lumbr_terr_ssp370_mean"
"Protected","ssp370",17841.0061395539,0.1772,89205.03,"Lumbr_terr_ssp370_mean"
"Unprotected","ssp370",82814.9938604461,0.8228,414074.97,"Lumbr_terr_ssp370_mean"
"V","ssp370",14400.0597711042,0.1431,72000.3,"Lumbr_terr_ssp370_mean"
"VI","ssp370",198.091121500405,0.002,990.46,"Lumbr_terr_ssp370_mean"
"Ia","ssp585",73.799156953588,8e-04,369,"Lumbr_terr_ssp585_mean"
"Ib","ssp585",26.2030449646493,3e-04,131.02,"Lumbr_terr_ssp585_mean"
"II","ssp585",618.743175227445,0.0066,3093.72,"Lumbr_terr_ssp585_mean"
"III","ssp585",41.5985234638002,4e-04,207.99,"Lumbr_terr_ssp585_mean"
"IV","ssp585",2389.76273559522,0.0256,11948.81,"Lumbr_terr_ssp585_mean"
"Not.Applicable","ssp585",275.003828021085,0.0029,1375.02,"Lumbr_terr_ssp585_mean"
"Not.Assigned","ssp585",3385.45286575119,0.0362,16927.26,"Lumbr_terr_ssp585_mean"
"Not.Reported","ssp585",12969.4314481291,0.1387,64847.16,"Lumbr_terr_ssp585_mean"
"Outside.PA","ssp585",60100.1237730921,0.6426,300500.62,"Lumbr_terr_ssp585_mean"
"Presence","ssp585",93525,1,467625,"Lumbr_terr_ssp585_mean"
"Protected","ssp585",16794.9880850065,0.1796,83974.94,"Lumbr_terr_ssp585_mean"
"Unprotected","ssp585",76730.0119149935,0.8204,383650.06,"Lumbr_terr_ssp585_mean"
"V","ssp585",13471.0133751529,0.144,67355.07,"Lumbr_terr_ssp585_mean"
"VI","ssp585",173.868073648864,0.0019,869.34,"Lumbr_terr_ssp585_mean"
"Ia","ssp126",66.7910813331382,7e-04,333.96,"Octol_cyan_ssp126_mean"
"Ib","ssp126",42.5726609613787,5e-04,212.86,"Octol_cyan_ssp126_mean"
"II","ssp126",1025.70844605818,0.0114,5128.54,"Octol_cyan_ssp126_mean"
"III","ssp126",60.8390454446365,7e-04,304.2,"Octol_cyan_ssp126_mean"
"IV","ssp126",2291.39084779672,0.0255,11456.95,"Octol_cyan_ssp126_mean"
"Not.Applicable","ssp126",320.392335087905,0.0036,1601.96,"Octol_cyan_ssp126_mean"
"Not.Assigned","ssp126",1153.29095685036,0.0128,5766.45,"Octol_cyan_ssp126_mean"
"Not.Reported","ssp126",15082.9970379066,0.1676,75414.99,"Octol_cyan_ssp126_mean"
"Outside.PA","ssp126",55802.7430232728,0.6199,279013.72,"Octol_cyan_ssp126_mean"
"Presence","ssp126",90016,1,450080,"Octol_cyan_ssp126_mean"
"Protected","ssp126",17656.5766468823,0.1961,88282.88,"Octol_cyan_ssp126_mean"
"Unprotected","ssp126",72359.4233531177,0.8039,361797.12,"Octol_cyan_ssp126_mean"
"V","ssp126",13768.4295004402,0.153,68842.15,"Octol_cyan_ssp126_mean"
"VI","ssp126",400.845064848093,0.0045,2004.23,"Octol_cyan_ssp126_mean"
"Ia","ssp370",85.4569653844928,9e-04,427.28,"Octol_cyan_ssp370_mean"
"Ib","ssp370",48.8525649070446,5e-04,244.26,"Octol_cyan_ssp370_mean"
"II","ssp370",1096.55315390585,0.0117,5482.77,"Octol_cyan_ssp370_mean"
"III","ssp370",65.3158546687159,7e-04,326.58,"Octol_cyan_ssp370_mean"
"IV","ssp370",2305.50037702528,0.0246,11527.5,"Octol_cyan_ssp370_mean"
"Not.Applicable","ssp370",362.24365921671,0.0039,1811.22,"Octol_cyan_ssp370_mean"
"Not.Assigned","ssp370",1167.04368602068,0.0125,5835.22,"Octol_cyan_ssp370_mean"
"Not.Reported","ssp370",15863.8554851748,0.1695,79319.28,"Octol_cyan_ssp370_mean"
"Outside.PA","ssp370",58162.052051658,0.6214,290810.26,"Octol_cyan_ssp370_mean"
"Presence","ssp370",93604,1,468020,"Octol_cyan_ssp370_mean"
"Protected","ssp370",18048.8051179298,0.1928,90244.03,"Octol_cyan_ssp370_mean"
"Unprotected","ssp370",75555.1948820702,0.8072,377775.97,"Octol_cyan_ssp370_mean"
"V","ssp370",14008.0055965991,0.1497,70040.03,"Octol_cyan_ssp370_mean"
"VI","ssp370",439.12060543934,0.0047,2195.6,"Octol_cyan_ssp370_mean"
"Ia","ssp585",89.2693116068565,0.001,446.35,"Octol_cyan_ssp585_mean"
"Ib","ssp585",53.5453151998165,6e-04,267.73,"Octol_cyan_ssp585_mean"
"II","ssp585",1092.66643609883,0.0118,5463.33,"Octol_cyan_ssp585_mean"
"III","ssp585",65.1154562275573,7e-04,325.58,"Octol_cyan_ssp585_mean"
"IV","ssp585",2239.62472676219,0.0242,11198.12,"Octol_cyan_ssp585_mean"
"Not.Applicable","ssp585",357.884323224341,0.0039,1789.42,"Octol_cyan_ssp585_mean"
"Not.Assigned","ssp585",1178.60401645215,0.0128,5893.02,"Octol_cyan_ssp585_mean"
"Not.Reported","ssp585",15719.2868873856,0.1701,78596.43,"Octol_cyan_ssp585_mean"
"Outside.PA","ssp585",57227.7354635604,0.6194,286138.68,"Octol_cyan_ssp585_mean"
"Presence","ssp585",92385,1,461925,"Octol_cyan_ssp585_mean"
"Protected","ssp585",17901.4893093775,0.1938,89507.45,"Octol_cyan_ssp585_mean"
"Unprotected","ssp585",74483.5106906225,0.8062,372417.55,"Octol_cyan_ssp585_mean"
"V","ssp585",13924.9616390844,0.1507,69624.81,"Octol_cyan_ssp585_mean"
"VI","ssp585",436.306424397806,0.0047,2181.53,"Octol_cyan_ssp585_mean"
"Ia","ssp126",166.401084371012,0.0019,832.01,"Octol_lact_ssp126_mean"
"Ib","ssp126",799.579898849134,0.0093,3997.9,"Octol_lact_ssp126_mean"
"II","ssp126",1665.39513321851,0.0194,8326.98,"Octol_lact_ssp126_mean"
"III","ssp126",90.7829967033745,0.0011,453.91,"Octol_lact_ssp126_mean"
"IV","ssp126",3832.73195926709,0.0446,19163.66,"Octol_lact_ssp126_mean"
"Not.Applicable","ssp126",381.090787579776,0.0044,1905.45,"Octol_lact_ssp126_mean"
"Not.Assigned","ssp126",1772.20375740737,0.0206,8861.02,"Octol_lact_ssp126_mean"
"Not.Reported","ssp126",18653.1415198479,0.2171,93265.71,"Octol_lact_ssp126_mean"
"Outside.PA","ssp126",47011.7949530236,0.547,235058.97,"Octol_lact_ssp126_mean"
"Presence","ssp126",85937,1,429685,"Octol_lact_ssp126_mean"
"Protected","ssp126",18118.7689821414,0.2108,90593.84,"Octol_lact_ssp126_mean"
"Unprotected","ssp126",67818.2310178586,0.7892,339091.16,"Octol_lact_ssp126_mean"
"V","ssp126",10783.9395532904,0.1255,53919.7,"Octol_lact_ssp126_mean"
"VI","ssp126",779.938356441839,0.0091,3899.69,"Octol_lact_ssp126_mean"
"Ia","ssp370",172.55474669364,0.002,862.77,"Octol_lact_ssp370_mean"
"Ib","ssp370",831.496752419222,0.0098,4157.48,"Octol_lact_ssp370_mean"
"II","ssp370",1655.03327077961,0.0195,8275.17,"Octol_lact_ssp370_mean"
"III","ssp370",89.3114420544003,0.001,446.56,"Octol_lact_ssp370_mean"
"IV","ssp370",3815.23121966087,0.0449,19076.16,"Octol_lact_ssp370_mean"
"Not.Applicable","ssp370",377.405206884728,0.0044,1887.03,"Octol_lact_ssp370_mean"
"Not.Assigned","ssp370",1795.78729858445,0.0211,8978.94,"Octol_lact_ssp370_mean"
"Not.Reported","ssp370",18404.0306710464,0.2164,92020.15,"Octol_lact_ssp370_mean"
"Outside.PA","ssp370",46511.6275575456,0.5468,232558.14,"Octol_lact_ssp370_mean"
"Presence","ssp370",85063,1,425315,"Octol_lact_ssp370_mean"
"Protected","ssp370",17974.1492659388,0.2113,89870.75,"Octol_lact_ssp370_mean"
"Unprotected","ssp370",67088.8507340612,0.7887,335444.25,"Octol_lact_ssp370_mean"
"V","ssp370",10641.4668031886,0.1251,53207.33,"Octol_lact_ssp370_mean"
"VI","ssp370",769.055031142492,0.009,3845.28,"Octol_lact_ssp370_mean"
"Ia","ssp585",172.100459342275,0.0021,860.5,"Octol_lact_ssp585_mean"
"Ib","ssp585",836.098821647586,0.01,4180.49,"Octol_lact_ssp585_mean"
"II","ssp585",1639.23226185092,0.0197,8196.16,"Octol_lact_ssp585_mean"
"III","ssp585",88.6713482120137,0.0011,443.36,"Octol_lact_ssp585_mean"
"IV","ssp585",3788.02249166314,0.0454,18940.11,"Octol_lact_ssp585_mean"
"Not.Applicable","ssp585",369.694987048865,0.0044,1848.47,"Octol_lact_ssp585_mean"
"Not.Assigned","ssp585",1785.32285967854,0.0214,8926.61,"Octol_lact_ssp585_mean"
"Not.Reported","ssp585",18103.2407509177,0.2172,90516.2,"Octol_lact_ssp585_mean"
"Outside.PA","ssp585",45405.1681930598,0.5447,227025.84,"Octol_lact_ssp585_mean"
"Presence","ssp585",83361,1,416805,"Octol_lact_ssp585_mean"
"Protected","ssp585",17697.5732092951,0.2123,88487.87,"Octol_lact_ssp585_mean"
"Unprotected","ssp585",65663.4267907048,0.7877,328317.13,"Octol_lact_ssp585_mean"
"V","ssp585",10409.6455328104,0.1249,52048.23,"Octol_lact_ssp585_mean"
"VI","ssp585",763.802293768767,0.0092,3819.01,"Octol_lact_ssp585_mean"
"Ia","ssp126",45.111503974468,8e-04,225.56,"Octol_tyrt_ssp126_mean"
"Ib","ssp126",29.4274329260636,5e-04,147.14,"Octol_tyrt_ssp126_mean"
"II","ssp126",519.437704182679,0.0091,2597.19,"Octol_tyrt_ssp126_mean"
"III","ssp126",28.8490529562387,5e-04,144.25,"Octol_tyrt_ssp126_mean"
"IV","ssp126",1330.54449704072,0.0232,6652.72,"Octol_tyrt_ssp126_mean"
"Not.Applicable","ssp126",353.568191881031,0.0062,1767.84,"Octol_tyrt_ssp126_mean"
"Not.Assigned","ssp126",2595.56314390965,0.0453,12977.82,"Octol_tyrt_ssp126_mean"
"Not.Reported","ssp126",9462.13630579242,0.165,47310.68,"Octol_tyrt_ssp126_mean"
"Outside.PA","ssp126",33207.7419612511,0.579,166038.71,"Octol_tyrt_ssp126_mean"
"Presence","ssp126",57357,1,286785,"Octol_tyrt_ssp126_mean"
"Protected","ssp126",11737.9903971658,0.2046,58689.95,"Octol_tyrt_ssp126_mean"
"Unprotected","ssp126",45619.0096028342,0.7954,228095.05,"Octol_tyrt_ssp126_mean"
"V","ssp126",9684.12191767461,0.1688,48420.61,"Octol_tyrt_ssp126_mean"
"VI","ssp126",100.498288411029,0.0018,502.49,"Octol_tyrt_ssp126_mean"
"Ia","ssp370",40.2686427892004,0.001,201.34,"Octol_tyrt_ssp370_mean"
"Ib","ssp370",30.6718508552872,8e-04,153.36,"Octol_tyrt_ssp370_mean"
"II","ssp370",448.566664108339,0.0112,2242.83,"Octol_tyrt_ssp370_mean"
"III","ssp370",25.3084794627098,6e-04,126.54,"Octol_tyrt_ssp370_mean"
"IV","ssp370",928.241891072577,0.0232,4641.21,"Octol_tyrt_ssp370_mean"
"Not.Applicable","ssp370",315.936391349365,0.0079,1579.68,"Octol_tyrt_ssp370_mean"
"Not.Assigned","ssp370",2157.85465457202,0.054,10789.27,"Octol_tyrt_ssp370_mean"
"Not.Reported","ssp370",6853.10923372922,0.1714,34265.55,"Octol_tyrt_ssp370_mean"
"Outside.PA","ssp370",21817.2666495814,0.5458,109086.33,"Octol_tyrt_ssp370_mean"
"Presence","ssp370",39974,1,199870,"Octol_tyrt_ssp370_mean"
"Protected","ssp370",8829.83307076796,0.2209,44149.17,"Octol_tyrt_ssp370_mean"
"Unprotected","ssp370",31144.166929232,0.7791,155720.83,"Octol_tyrt_ssp370_mean"
"V","ssp370",7326.23985225214,0.1833,36631.2,"Octol_tyrt_ssp370_mean"
"VI","ssp370",30.5356902277035,8e-04,152.68,"Octol_tyrt_ssp370_mean"
"Ia","ssp585",38.0513098152405,0.0017,190.26,"Octol_tyrt_ssp585_mean"
"Ib","ssp585",25.6275990572503,0.0012,128.14,"Octol_tyrt_ssp585_mean"
"II","ssp585",356.003356776388,0.0163,1780.02,"Octol_tyrt_ssp585_mean"
"III","ssp585",19.7777481531573,9e-04,98.89,"Octol_tyrt_ssp585_mean"
"IV","ssp585",469.738397352452,0.0215,2348.69,"Octol_tyrt_ssp585_mean"
"Not.Applicable","ssp585",240.061753974354,0.011,1200.31,"Octol_tyrt_ssp585_mean"
"Not.Assigned","ssp585",809.38050334217,0.037,4046.9,"Octol_tyrt_ssp585_mean"
"Not.Reported","ssp585",4499.72245235984,0.2055,22498.61,"Octol_tyrt_ssp585_mean"
"Outside.PA","ssp585",10687.567741355,0.4881,53437.84,"Octol_tyrt_ssp585_mean"
"Presence","ssp585",21896,1,109480,"Octol_tyrt_ssp585_mean"
"Protected","ssp585",5659.26754896865,0.2585,28296.34,"Octol_tyrt_ssp585_mean"
"Unprotected","ssp585",16236.7324510314,0.7415,81183.66,"Octol_tyrt_ssp585_mean"
"V","ssp585",4734.80532962223,0.2162,23674.03,"Octol_tyrt_ssp585_mean"
"VI","ssp585",15.263808191934,7e-04,76.32,"Octol_tyrt_ssp585_mean"
"Ia","ssp126",6.027502036226,2e-04,30.14,"Satch_mamm_ssp126_mean"
"Ib","ssp126",1.99204952537548,1e-04,9.96,"Satch_mamm_ssp126_mean"
"II","ssp126",50.35382793402,0.0019,251.77,"Satch_mamm_ssp126_mean"
"III","ssp126",3.48787724940105,1e-04,17.44,"Satch_mamm_ssp126_mean"
"IV","ssp126",816.419783051956,0.0307,4082.1,"Satch_mamm_ssp126_mean"
"Not.Applicable","ssp126",60.7550890011426,0.0023,303.78,"Satch_mamm_ssp126_mean"
"Not.Assigned","ssp126",293.403162613617,0.011,1467.02,"Satch_mamm_ssp126_mean"
"Not.Reported","ssp126",2279.24978041096,0.0856,11396.25,"Satch_mamm_ssp126_mean"
"Outside.PA","ssp126",19476.9384036555,0.7315,97384.69,"Satch_mamm_ssp126_mean"
"Presence","ssp126",26626,1,133130,"Satch_mamm_ssp126_mean"
"Protected","ssp126",4515.65356431882,0.1696,22578.27,"Satch_mamm_ssp126_mean"
"Unprotected","ssp126",22110.3464356812,0.8304,110551.73,"Satch_mamm_ssp126_mean"
"V","ssp126",3615.8005234785,0.1358,18079,"Satch_mamm_ssp126_mean"
"VI","ssp126",21.5720010433433,8e-04,107.86,"Satch_mamm_ssp126_mean"
"Ia","ssp370",10.2738531915334,4e-04,51.37,"Satch_mamm_ssp370_mean"
"Ib","ssp370",4.45359595771879,2e-04,22.27,"Satch_mamm_ssp370_mean"
"II","ssp370",63.6829335896246,0.0024,318.41,"Satch_mamm_ssp370_mean"
"III","ssp370",3.97930625946465,1e-04,19.9,"Satch_mamm_ssp370_mean"
"IV","ssp370",875.031315175825,0.0325,4375.16,"Satch_mamm_ssp370_mean"
"Not.Applicable","ssp370",17.8130312905359,7e-04,89.07,"Satch_mamm_ssp370_mean"
"Not.Assigned","ssp370",299.988470716831,0.0112,1499.94,"Satch_mamm_ssp370_mean"
"Not.Reported","ssp370",2051.6274241366,0.0763,10258.14,"Satch_mamm_ssp370_mean"
"Outside.PA","ssp370",20012.7378222458,0.7444,100063.69,"Satch_mamm_ssp370_mean"
"Presence","ssp370",26885,1,134425,"Satch_mamm_ssp370_mean"
"Protected","ssp370",4502.8332516102,0.1675,22514.17,"Satch_mamm_ssp370_mean"
"Unprotected","ssp370",22382.1667483898,0.8325,111910.83,"Satch_mamm_ssp370_mean"
"V","ssp370",3521.78225218577,0.131,17608.91,"Satch_mamm_ssp370_mean"
"VI","ssp370",23.6299952502668,9e-04,118.15,"Satch_mamm_ssp370_mean"
"Ia","ssp585",10.3569392722588,4e-04,51.78,"Satch_mamm_ssp585_mean"
"Ib","ssp585",4.54339268663898,2e-04,22.72,"Satch_mamm_ssp585_mean"
"II","ssp585",56.5936763768032,0.0023,282.97,"Satch_mamm_ssp585_mean"
"III","ssp585",4.2141851663368,2e-04,21.07,"Satch_mamm_ssp585_mean"
"IV","ssp585",858.128361617134,0.0349,4290.64,"Satch_mamm_ssp585_mean"
"Not.Applicable","ssp585",16.9886857614565,7e-04,84.94,"Satch_mamm_ssp585_mean"
"Not.Assigned","ssp585",287.759404059898,0.0117,1438.8,"Satch_mamm_ssp585_mean"
"Not.Reported","ssp585",1836.29460606042,0.0746,9181.47,"Satch_mamm_ssp585_mean"
"Outside.PA","ssp585",18292.8120214202,0.7435,91464.06,"Satch_mamm_ssp585_mean"
"Presence","ssp585",24603,1,123015,"Satch_mamm_ssp585_mean"
"Protected","ssp585",4169.14528269798,0.1695,20845.73,"Satch_mamm_ssp585_mean"
"Unprotected","ssp585",20433.854717302,0.8305,102169.27,"Satch_mamm_ssp585_mean"
"V","ssp585",3215.60442073419,0.1307,16078.02,"Satch_mamm_ssp585_mean"
"VI","ssp585",19.7043068446219,8e-04,98.52,"Satch_mamm_ssp585_mean"
"Ia","ssp126",65.4077849275984,0.000599366136916219,327.039175468671,"_SD"
"Ia","ssp370",74.4936765507318,0.000649966260932733,372.468082159378,"_SD"
"Ia","ssp585",75.4165806850073,0.000699498567270895,377.083092658642,"_SD"
"Ib","ssp126",203.850812896078,0.00223419726678299,1019.25465064382,"_SD"
"Ib","ssp370",224.832458402772,0.00240905941219016,1124.16133517392,"_SD"
"Ib","ssp585",223.783226739215,0.00244356177577871,1118.91571264014,"_SD"
"II","ssp126",501.810651306269,0.00479286140711749,2509.05325532751,"_SD"
"II","ssp370",504.962005264949,0.00476612682503107,2524.80983573102,"_SD"
"II","ssp585",502.010001848462,0.00516589694322972,2510.04852707895,"_SD"
"III","ssp126",26.5401720694328,0.000269176782711431,132.699789544028,"_SD"
"III","ssp370",26.6412886685196,0.000235702260395516,133.206705413997,"_SD"
"III","ssp585",26.4144651508954,0.000252935976458736,132.072680847766,"_SD"
"IV","ssp126",964.770633142042,0.00772271654776951,4823.85336543926,"_SD"
"IV","ssp370",980.415245108622,0.00848268273795198,4902.07612908823,"_SD"
"IV","ssp585",1013.39827962632,0.00882331772478554,5066.99111693241,"_SD"
"Not.Applicable","ssp126",162.225961810701,0.00532198903150523,811.128294017386,"_SD"
"Not.Applicable","ssp370",168.563388196542,0.00185396682345077,842.817936742065,"_SD"
"Not.Applicable","ssp585",163.429514352194,0.00239819620324105,817.1485179796,"_SD"
"Not.Assigned","ssp126",960.413367405994,0.00948338960301501,4802.06743544793,"_SD"
"Not.Assigned","ssp370",1198.28524380017,0.0120478820540502,5991.42554533467,"_SD"
"Not.Assigned","ssp585",1300.82347562454,0.0109555588175979,6504.11756474762,"_SD"
"Not.Reported","ssp126",6195.60571219837,0.0762930917446214,30978.0294773786,"_SD"
"Not.Reported","ssp370",6335.67677695629,0.0328560888283955,31678.3846694938,"_SD"
"Not.Reported","ssp585",6347.16732942505,0.0500302721225357,31735.8367768055,"_SD"
"Outside.PA","ssp126",19345.1186327778,0.134212109553785,96725.5926680368,"_SD"
"Outside.PA","ssp370",19591.7116789851,0.0763225028706766,97958.5586936434,"_SD"
"Outside.PA","ssp585",19837.3454735461,0.105885374137037,99186.727307054,"_SD"
"Presence","ssp126",31789.8948221156,0,158949.474110578,"_SD"
"Presence","ssp370",32449.6171033195,0,162248.085516598,"_SD"
"Presence","ssp585",32982.1789886918,0,164910.894943459,"_SD"
"Protected","ssp126",6158.18461367728,0.0570537501778518,30790.9224641681,"_SD"
"Protected","ssp370",6278.34882016219,0.0464823131803538,31391.7437190195,"_SD"
"Protected","ssp585",6422.13705836541,0.0492927025665644,32110.6850360389,"_SD"
"Unprotected","ssp126",25820.8968575326,0.0570537501778518,129104.484886356,"_SD"
"Unprotected","ssp370",26333.2630892203,0.0464823131803538,131666.315958834,"_SD"
"Unprotected","ssp585",26724.2986505871,0.0492927025665644,133621.493705709,"_SD"
"V","ssp126",4588.52691793652,0.0645249582248461,22942.6356425016,"_SD"
"V","ssp370",4657.13525749949,0.0367778895247503,23285.6764407904,"_SD"
"V","ssp585",4758.81882495196,0.0396968593628621,23794.0943063696,"_SD"
"VI","ssp126",200.713592736627,0.00217365943092229,1003.56839481519,"_SD"
"VI","ssp370",202.715303488093,0.00217534026376516,1013.57696993925,"_SD"
"VI","ssp585",201.758359248709,0.00223270480812711,1008.79115383983,"_SD"
